{
  "project_info": {
    "project_number": "917801657594",
    "project_id": "firestore01-e7afe",
    "storage_bucket": "firestore01-e7afe.appspot.com"
  },
  "client": [
    {
      "client_info": {
        "mobilesdk_app_id": "1:917801657594:android:a3a08ff23a7b12ee619543",
        "android_client_info": {
          "package_name": "com.example.flutter_my_firebase"
        }
      },
      "oauth_client": [],
      "api_key": [
        {
          "current_key": "AIzaSyAQAEhyWXcYSP8e2P_wlOwj5ldgQ0Htf80"
        }
      ],
      "services": {
        "appinvite_service": {
          "other_platform_oauth_client": []
        }
      }
    }
  ],
  "configuration_version": "1"
}